<?xml version="1.0" encoding="UTF-8"?>
<feature
      id="com.rohanclan.cfml.release"
      label="The CFEclipse Plugin"
      version="1.1.15"
      provider-name="The CFEclipse Crew (http://cfeclipse.tigris.org)">

   <install-handler/>

   <description url="http://cfeclipse.tigris.org/">
      CFEclipse is a feature-rich CFML (ColdFusion Markup Language)
plugin for Eclipse. This plugin adds syntax highlighting, code
insight, CFML script (cfscript) editing, a content outline, code
problem finding, and a lot more for CF developers. It also provides
code highlighting for HTML, XML and for inline CSS and Javascript,
plus code insight for HTML 4.01, and a snippet (code fragment)
feature.
CFML is a simple, yet powerful server side scripting language
that sits on top of a J2EE server. Two companies that make engines
that can process CFML scripts are Macromedia and New Atlanta.
Features:
* Code highlighting
* HTML and CF tag code completion
* Tag and function code insight (including data types)
* Snips for frequently used code
* CFC method outline view
* Integrated web browser for quick previewing
* Problem view, parses your code to find problems
* And much more...
   </description>

   <copyright url="[Enter Copyright URL here.]">
      Copyright (c) 2004 The CFEclipse Crew (http://cfeclipse.tigris.org)
Some parts copyright of IBM.
   </copyright>

   <license url="[Enter License URL here.]">
      Copyright (c) 2004 The CFEclipse Crew (http://cfeclipse.tigris.org)

Permission is hereby granted, free of charge, to any person obtaining
a copy of this software and associated documentation files (the
&quot;Software&quot;), to deal in the Software without restriction, including
without limitation the rights to use, copy, modify, merge, publish,
distribute, sublicense, and/or sell copies of the Software, and
to permit persons to whom the Software is furnished to do so,
subject to the following conditions:

The above copyright notice and this permission notice shall be
included in all copies or substantial portions of the Software.
THE SOFTWARE IS PROVIDED &quot;AS IS&quot;, WITHOUT WARRANTY OF ANY KIND,
EXPRESS OR IMPLIED, INCLUDING BUT NOT LIMITED TO THE WARRANTIES
OF MERCHANTABILITY, FITNESS FOR A PARTICULAR PURPOSE AND NONINFRINGEMENT.
IN NO EVENT SHALL THE AUTHORS OR COPYRIGHT HOLDERS BE LIABLE
FOR ANY CLAIM, DAMAGES OR OTHER LIABILITY, WHETHER IN AN ACTION
OF CONTRACT, TORT OR OTHERWISE, ARISING FROM, OUT OF OR IN CONNECTION
WITH THE SOFTWARE OR THE USE OR OTHER DEALINGS IN THE SOFTWARE.
   </license>

   <url>
      <update label="CFEclipse update site" url="http://cfeclipse.tigris.org"/>
   </url>

   <requires>
      <import plugin="org.eclipse.ui"/>
      <import plugin="org.eclipse.core.runtime"/>
      <import plugin="org.eclipse.jface.text"/>
      <import plugin="org.eclipse.ui.editors"/>
      <import plugin="org.eclipse.ui.workbench.texteditor"/>
      <import plugin="org.eclipse.core.resources"/>
      <import plugin="org.eclipse.ui.ide"/>
      <import plugin="org.eclipse.ui.views"/>
   </requires>

   <plugin
         id="com.rohanclan.cfml"
         download-size="0"
         install-size="0"
         version="1.1.15"/>

</feature>
