<?xml version="1.0" encoding="UTF-8"?>
<site>
   <description url="http://www.cfeclipse.org/update/">
      CFEclipse Update Site
   </description>
   <feature url="features/org.cfeclipse.cfml.feature_1.2.1.jar" id="org.cfeclipse.cfml.feature" version="1.2.1">
      <category name="Releases"/>
   </feature>
   <feature url="features/org.cfeclipse.cfml.feature_1.3.0.jar" id="org.cfeclipse.cfml.feature" version="1.3.0">
      <category name="Releases"/>
   </feature>
   <feature url="features/org.cfeclipse.cfml.feature_1.3.1.jar" id="org.cfeclipse.cfml.feature" version="1.3.1">
      <category name="Releases"/>
   </feature>
   <category-def name="Releases" label="Releases"/>
</site>
