﻿<?xml version="1.0" encoding="utf-8"?>
<snippet>
<name>Author: Bernd VanSkiver</name>
<help>This function deletes all client variables for a user.</help>
<starttext><![CDATA[
/**
 * This function deletes all client variables for a user.
 * Version 2 mods by Tony Petruzzi
 * 
 * @param safeList 	 A list of client vars to NOT delete. 
 * @return Returns true. 
 * @author Bernd VanSkiver (bernd@shadowdesign.net) 
 * @version 2, January 29, 2002 
 */
function DeleteClientVariables() {
	var ClientVarList = GetClientVariablesList();
	var safeList = "";
	var i = 1;

	if(ArrayLen(Arguments) gte 1) safeList = Arguments[1];

	for(i=1; i lte listLen(ClientVarList); i=i+1) {
		if(NOT ListFindNoCase(safeList, ListGetAt(ClientVarList, i )))  DeleteClientVariable(ListGetAt(ClientVarList, i));
	}
	return true;
}]]></starttext>
<endtext><![CDATA[ ]]></endtext>
</snippet>
