﻿<?xml version="1.0" encoding="utf-8"?>
<snippet>
<name>Author: Robert Segal</name>
<help>Values equal to the client variable values are returned when the function is called.</help>
<starttext><![CDATA[
/**
 * Function returns a structure of client variable.
 * 
 * @return Returns a structure. 
 * @author Robert Segal (rsegal@figleaf.com) 
 * @version 1, January 30, 2003 
 */
function getclientvariables() {
 var lclientvarlist = getclientvariableslist();
 var stclientvar = structnew();
 var i = 1;
 for(i=1;i lte listlen(lclientvarlist);i=i+1)
 structinsert(stclientvar,"#listgetat(lclientvarlist,i)#",evaluate("client.#listgetat(lclientvarlist,i)#"));
 return stclientvar;
}]]></starttext>
<endtext><![CDATA[ ]]></endtext>
</snippet>
